{"status": "CRITICAL", "packets_per_sec": 327.86, "bytes_per_sec": 185370.73, "total_packets": 3607, "total_bytes": 2039374, "duration": 11.0, "fwd_packets": 0, "bwd_packets": 3607, "primary_trigger": "Flow Packets/s (Threshold Override)", "shap_values": {"Flow Duration": -1.0616612434387207, "Total Fwd Packets": 0.568657636642456, "Total Backward Packets": 1.9441869258880615, "Total Length of Fwd Packets": 0.9481125473976135, "Flow Bytes/s": 1.0291340351104736, "Flow Packets/s": 1.5}, "timestamp": "00:12:08"}